id,dut,categories,test,description,inputs,result,messages
1,Edge10,BGP,VerifyBGPSpecificPeers,Verifies the health of specific BGP peer(s).,BGP EVPN Peer: Pathfinder1 (IP: 10.99.102.1),PASS,
2,Edge10,BGP,VerifyBGPSpecificPeers,Verifies the health of specific BGP peer(s).,BGP EVPN Peer: Pathfinder2 (IP: 10.99.102.2),PASS,
3,Edge10,BGP,VerifyBGPSpecificPeers,Verifies the health of specific BGP peer(s).,BGP EVPN Peer: Pathfinder3 (IP: 10.99.102.3),PASS,
4,Edge10,BGP,VerifyBGPSpecificPeers,Verifies the health of specific BGP peer(s).,BGP EVPN Peer: Pathfinder4 (IP: 10.99.102.4),PASS,
5,Edge10,BGP,VerifyBGPSpecificPeers,Verifies the health of specific BGP peer(s).,BGP IPv4 SR-TE Peer: Pathfinder1 (IP: 10.99.102.1),PASS,
6,Edge10,BGP,VerifyBGPSpecificPeers,Verifies the health of specific BGP peer(s).,BGP IPv4 SR-TE Peer: Pathfinder2 (IP: 10.99.102.2),PASS,
7,Edge10,BGP,VerifyBGPSpecificPeers,Verifies the health of specific BGP peer(s).,BGP IPv4 SR-TE Peer: Pathfinder3 (IP: 10.99.102.3),PASS,
8,Edge10,BGP,VerifyBGPSpecificPeers,Verifies the health of specific BGP peer(s).,BGP IPv4 SR-TE Peer: Pathfinder4 (IP: 10.99.102.4),PASS,
9,Edge10,BGP,VerifyBGPSpecificPeers,Verifies the health of specific BGP peer(s).,BGP Link-State Peer: Pathfinder1 (IP: 10.99.102.1),PASS,
10,Edge10,BGP,VerifyBGPSpecificPeers,Verifies the health of specific BGP peer(s).,BGP Link-State Peer: Pathfinder2 (IP: 10.99.102.2),PASS,
11,Edge10,BGP,VerifyBGPSpecificPeers,Verifies the health of specific BGP peer(s).,BGP Link-State Peer: Pathfinder3 (IP: 10.99.102.3),PASS,
12,Edge10,BGP,VerifyBGPSpecificPeers,Verifies the health of specific BGP peer(s).,BGP Link-State Peer: Pathfinder4 (IP: 10.99.102.4),PASS,
13,Edge10,BGP,VerifyBGPSpecificPeers,Verifies the health of specific BGP peer(s).,BGP Path-Selection Peer: Pathfinder1 (IP: 10.99.102.1),PASS,
14,Edge10,BGP,VerifyBGPSpecificPeers,Verifies the health of specific BGP peer(s).,BGP Path-Selection Peer: Pathfinder2 (IP: 10.99.102.2),PASS,
15,Edge10,BGP,VerifyBGPSpecificPeers,Verifies the health of specific BGP peer(s).,BGP Path-Selection Peer: Pathfinder3 (IP: 10.99.102.3),PASS,
16,Edge10,BGP,VerifyBGPSpecificPeers,Verifies the health of specific BGP peer(s).,BGP Path-Selection Peer: Pathfinder4 (IP: 10.99.102.4),PASS,
17,Edge10,Hardware,VerifyEnvironmentCooling,Verifies the status of power supply fans and all fan trays.,Accepted States: 'ok',PASS,
18,Edge10,Hardware,VerifyEnvironmentPower,Verifies the power supplies status.,Accepted States: 'ok',FAIL,"ValueError: ""AntaCommand"" object has no field ""failed"""
19,Edge10,Hardware,VerifyTemperature,Verifies the device temperature.,,FAIL,Device temperature exceeds acceptable limits. Current system status: 'unknownTemperatureAlarmLevel'
20,Edge10,Hardware,VerifyTransceiversManufacturers,Verifies if all transceivers come from approved manufacturers.,"Accepted Manufacturers: 'Arista Networks', 'Arastra, Inc.', 'Not Present'",PASS,
21,Edge10,Interfaces,VerifyInterfacesStatus,Verifies the status of the provided interfaces.,Interface Dps1 - DPS Interface = 'up',PASS,
22,Edge10,Interfaces,VerifyInterfacesStatus,Verifies the status of the provided interfaces.,Interface Ethernet4 - mpls_r1 = 'up',PASS,
23,Edge10,Interfaces,VerifyInterfacesStatus,Verifies the status of the provided interfaces.,Interface Ethernet5 - internet = 'up',PASS,
24,Edge10,Interfaces,VerifyInterfacesStatus,Verifies the status of the provided interfaces.,Interface Loopback0 - Router_ID = 'up',PASS,
25,Edge10,Interfaces,VerifyInterfacesStatus,Verifies the status of the provided interfaces.,Interface Vxlan1 = 'up',PASS,
26,Edge10,Routing,VerifyRoutingProtocolModel,Verifies the configured routing protocol model.,Routing protocol model: multi-agent,PASS,
27,Edge10,Security,VerifySpecificIPSecConn,Verifies IPv4 security connections for a peer.,IPv4 Peer: 10.99.102.1 VRF: default,PASS,
28,Edge10,Security,VerifySpecificIPSecConn,Verifies IPv4 security connections for a peer.,IPv4 Peer: 10.99.102.2 VRF: default,PASS,
29,Edge10,Security,VerifySpecificIPSecConn,Verifies IPv4 security connections for a peer.,IPv4 Peer: 10.99.102.3 VRF: default,PASS,
30,Edge10,Security,VerifySpecificIPSecConn,Verifies IPv4 security connections for a peer.,IPv4 Peer: 10.99.102.4 VRF: default,PASS,
31,Edge10,STUN,VerifyStunClient,Verifies the STUN client is configured with the specified IPv4 source address and port. Validate the public IP and port if provided.,Source IPv4 Address: 11.11.10.2 Source Port: 4500,PASS,
32,Edge10,STUN,VerifyStunClient,Verifies the STUN client is configured with the specified IPv4 source address and port. Validate the public IP and port if provided.,Source IPv4 Address: 172.16.10.2 Source Port: 4500,PASS,
33,Edge10,System,VerifyNTP,Verifies if NTP is synchronised.,,PASS,
34,Edge12,BGP,VerifyBGPSpecificPeers,Verifies the health of specific BGP peer(s).,BGP EVPN Peer: Pathfinder1 (IP: 10.99.102.1),PASS,
35,Edge12,BGP,VerifyBGPSpecificPeers,Verifies the health of specific BGP peer(s).,BGP EVPN Peer: Pathfinder2 (IP: 10.99.102.2),PASS,
36,Edge12,BGP,VerifyBGPSpecificPeers,Verifies the health of specific BGP peer(s).,BGP EVPN Peer: Pathfinder3 (IP: 10.99.102.3),PASS,
37,Edge12,BGP,VerifyBGPSpecificPeers,Verifies the health of specific BGP peer(s).,BGP EVPN Peer: Pathfinder4 (IP: 10.99.102.4),PASS,
38,Edge12,BGP,VerifyBGPSpecificPeers,Verifies the health of specific BGP peer(s).,BGP IPv4 SR-TE Peer: Pathfinder1 (IP: 10.99.102.1),PASS,
39,Edge12,BGP,VerifyBGPSpecificPeers,Verifies the health of specific BGP peer(s).,BGP IPv4 SR-TE Peer: Pathfinder2 (IP: 10.99.102.2),PASS,
40,Edge12,BGP,VerifyBGPSpecificPeers,Verifies the health of specific BGP peer(s).,BGP IPv4 SR-TE Peer: Pathfinder3 (IP: 10.99.102.3),PASS,
41,Edge12,BGP,VerifyBGPSpecificPeers,Verifies the health of specific BGP peer(s).,BGP IPv4 SR-TE Peer: Pathfinder4 (IP: 10.99.102.4),PASS,
42,Edge12,BGP,VerifyBGPSpecificPeers,Verifies the health of specific BGP peer(s).,BGP Link-State Peer: Pathfinder1 (IP: 10.99.102.1),PASS,
43,Edge12,BGP,VerifyBGPSpecificPeers,Verifies the health of specific BGP peer(s).,BGP Link-State Peer: Pathfinder2 (IP: 10.99.102.2),PASS,
44,Edge12,BGP,VerifyBGPSpecificPeers,Verifies the health of specific BGP peer(s).,BGP Link-State Peer: Pathfinder3 (IP: 10.99.102.3),PASS,
45,Edge12,BGP,VerifyBGPSpecificPeers,Verifies the health of specific BGP peer(s).,BGP Link-State Peer: Pathfinder4 (IP: 10.99.102.4),PASS,
46,Edge12,BGP,VerifyBGPSpecificPeers,Verifies the health of specific BGP peer(s).,BGP Path-Selection Peer: Pathfinder1 (IP: 10.99.102.1),PASS,
47,Edge12,BGP,VerifyBGPSpecificPeers,Verifies the health of specific BGP peer(s).,BGP Path-Selection Peer: Pathfinder2 (IP: 10.99.102.2),PASS,
48,Edge12,BGP,VerifyBGPSpecificPeers,Verifies the health of specific BGP peer(s).,BGP Path-Selection Peer: Pathfinder3 (IP: 10.99.102.3),PASS,
49,Edge12,BGP,VerifyBGPSpecificPeers,Verifies the health of specific BGP peer(s).,BGP Path-Selection Peer: Pathfinder4 (IP: 10.99.102.4),PASS,
50,Edge12,Hardware,VerifyEnvironmentCooling,Verifies the status of power supply fans and all fan trays.,Accepted States: 'ok',PASS,
51,Edge12,Hardware,VerifyEnvironmentPower,Verifies the power supplies status.,Accepted States: 'ok',FAIL,"ValueError: ""AntaCommand"" object has no field ""failed"""
52,Edge12,Hardware,VerifyTemperature,Verifies the device temperature.,,FAIL,Device temperature exceeds acceptable limits. Current system status: 'unknownTemperatureAlarmLevel'
53,Edge12,Hardware,VerifyTransceiversManufacturers,Verifies if all transceivers come from approved manufacturers.,"Accepted Manufacturers: 'Arista Networks', 'Arastra, Inc.', 'Not Present'",PASS,
54,Edge12,Interfaces,VerifyInterfacesStatus,Verifies the status of the provided interfaces.,Interface Dps1 - DPS Interface = 'up',PASS,
55,Edge12,Interfaces,VerifyInterfacesStatus,Verifies the status of the provided interfaces.,Interface Ethernet2 - mpls_r1 = 'up',PASS,
56,Edge12,Interfaces,VerifyInterfacesStatus,Verifies the status of the provided interfaces.,Interface Ethernet3 - internet = 'up',PASS,
57,Edge12,Interfaces,VerifyInterfacesStatus,Verifies the status of the provided interfaces.,Interface Loopback0 - Router_ID = 'up',PASS,
58,Edge12,Interfaces,VerifyInterfacesStatus,Verifies the status of the provided interfaces.,Interface Vxlan1 = 'up',PASS,
59,Edge12,Routing,VerifyRoutingProtocolModel,Verifies the configured routing protocol model.,Routing protocol model: multi-agent,PASS,
60,Edge12,Security,VerifySpecificIPSecConn,Verifies IPv4 security connections for a peer.,IPv4 Peer: 10.99.102.1 VRF: default,PASS,
61,Edge12,Security,VerifySpecificIPSecConn,Verifies IPv4 security connections for a peer.,IPv4 Peer: 10.99.102.2 VRF: default,PASS,
62,Edge12,Security,VerifySpecificIPSecConn,Verifies IPv4 security connections for a peer.,IPv4 Peer: 10.99.102.3 VRF: default,PASS,
63,Edge12,Security,VerifySpecificIPSecConn,Verifies IPv4 security connections for a peer.,IPv4 Peer: 10.99.102.4 VRF: default,PASS,
64,Edge12,STUN,VerifyStunClient,Verifies the STUN client is configured with the specified IPv4 source address and port. Validate the public IP and port if provided.,Source IPv4 Address: 11.11.12.2 Source Port: 4500,PASS,
65,Edge12,STUN,VerifyStunClient,Verifies the STUN client is configured with the specified IPv4 source address and port. Validate the public IP and port if provided.,Source IPv4 Address: 172.16.12.2 Source Port: 4500,PASS,
66,Edge12,System,VerifyNTP,Verifies if NTP is synchronised.,,PASS,
67,Edge13,BGP,VerifyBGPSpecificPeers,Verifies the health of specific BGP peer(s).,BGP EVPN Peer: Pathfinder1 (IP: 10.99.102.1),PASS,
68,Edge13,BGP,VerifyBGPSpecificPeers,Verifies the health of specific BGP peer(s).,BGP EVPN Peer: Pathfinder2 (IP: 10.99.102.2),PASS,
69,Edge13,BGP,VerifyBGPSpecificPeers,Verifies the health of specific BGP peer(s).,BGP EVPN Peer: Pathfinder3 (IP: 10.99.102.3),PASS,
70,Edge13,BGP,VerifyBGPSpecificPeers,Verifies the health of specific BGP peer(s).,BGP EVPN Peer: Pathfinder4 (IP: 10.99.102.4),PASS,
71,Edge13,BGP,VerifyBGPSpecificPeers,Verifies the health of specific BGP peer(s).,BGP IPv4 SR-TE Peer: Pathfinder1 (IP: 10.99.102.1),PASS,
72,Edge13,BGP,VerifyBGPSpecificPeers,Verifies the health of specific BGP peer(s).,BGP IPv4 SR-TE Peer: Pathfinder2 (IP: 10.99.102.2),PASS,
73,Edge13,BGP,VerifyBGPSpecificPeers,Verifies the health of specific BGP peer(s).,BGP IPv4 SR-TE Peer: Pathfinder3 (IP: 10.99.102.3),PASS,
74,Edge13,BGP,VerifyBGPSpecificPeers,Verifies the health of specific BGP peer(s).,BGP IPv4 SR-TE Peer: Pathfinder4 (IP: 10.99.102.4),PASS,
75,Edge13,BGP,VerifyBGPSpecificPeers,Verifies the health of specific BGP peer(s).,BGP Link-State Peer: Pathfinder1 (IP: 10.99.102.1),PASS,
76,Edge13,BGP,VerifyBGPSpecificPeers,Verifies the health of specific BGP peer(s).,BGP Link-State Peer: Pathfinder2 (IP: 10.99.102.2),PASS,
77,Edge13,BGP,VerifyBGPSpecificPeers,Verifies the health of specific BGP peer(s).,BGP Link-State Peer: Pathfinder3 (IP: 10.99.102.3),PASS,
78,Edge13,BGP,VerifyBGPSpecificPeers,Verifies the health of specific BGP peer(s).,BGP Link-State Peer: Pathfinder4 (IP: 10.99.102.4),PASS,
79,Edge13,BGP,VerifyBGPSpecificPeers,Verifies the health of specific BGP peer(s).,BGP Path-Selection Peer: Pathfinder1 (IP: 10.99.102.1),PASS,
80,Edge13,BGP,VerifyBGPSpecificPeers,Verifies the health of specific BGP peer(s).,BGP Path-Selection Peer: Pathfinder2 (IP: 10.99.102.2),PASS,
81,Edge13,BGP,VerifyBGPSpecificPeers,Verifies the health of specific BGP peer(s).,BGP Path-Selection Peer: Pathfinder3 (IP: 10.99.102.3),PASS,
82,Edge13,BGP,VerifyBGPSpecificPeers,Verifies the health of specific BGP peer(s).,BGP Path-Selection Peer: Pathfinder4 (IP: 10.99.102.4),PASS,
83,Edge13,Hardware,VerifyEnvironmentCooling,Verifies the status of power supply fans and all fan trays.,Accepted States: 'ok',PASS,
84,Edge13,Hardware,VerifyEnvironmentPower,Verifies the power supplies status.,Accepted States: 'ok',FAIL,"ValueError: ""AntaCommand"" object has no field ""failed"""
85,Edge13,Hardware,VerifyTemperature,Verifies the device temperature.,,FAIL,Device temperature exceeds acceptable limits. Current system status: 'unknownTemperatureAlarmLevel'
86,Edge13,Hardware,VerifyTransceiversManufacturers,Verifies if all transceivers come from approved manufacturers.,"Accepted Manufacturers: 'Arista Networks', 'Arastra, Inc.', 'Not Present'",PASS,
87,Edge13,Interfaces,VerifyInterfacesStatus,Verifies the status of the provided interfaces.,Interface Dps1 - DPS Interface = 'up',PASS,
88,Edge13,Interfaces,VerifyInterfacesStatus,Verifies the status of the provided interfaces.,Interface Ethernet2 - mpls_r1 = 'up',PASS,
89,Edge13,Interfaces,VerifyInterfacesStatus,Verifies the status of the provided interfaces.,Interface Ethernet3 - internet = 'up',PASS,
90,Edge13,Interfaces,VerifyInterfacesStatus,Verifies the status of the provided interfaces.,Interface Loopback0 - Router_ID = 'up',PASS,
91,Edge13,Interfaces,VerifyInterfacesStatus,Verifies the status of the provided interfaces.,Interface Vxlan1 = 'up',PASS,
92,Edge13,Routing,VerifyRoutingProtocolModel,Verifies the configured routing protocol model.,Routing protocol model: multi-agent,PASS,
93,Edge13,Security,VerifySpecificIPSecConn,Verifies IPv4 security connections for a peer.,IPv4 Peer: 10.99.102.1 VRF: default,PASS,
94,Edge13,Security,VerifySpecificIPSecConn,Verifies IPv4 security connections for a peer.,IPv4 Peer: 10.99.102.2 VRF: default,PASS,
95,Edge13,Security,VerifySpecificIPSecConn,Verifies IPv4 security connections for a peer.,IPv4 Peer: 10.99.102.3 VRF: default,PASS,
96,Edge13,Security,VerifySpecificIPSecConn,Verifies IPv4 security connections for a peer.,IPv4 Peer: 10.99.102.4 VRF: default,PASS,
97,Edge13,STUN,VerifyStunClient,Verifies the STUN client is configured with the specified IPv4 source address and port. Validate the public IP and port if provided.,Source IPv4 Address: 11.11.13.2 Source Port: 4500,PASS,
98,Edge13,STUN,VerifyStunClient,Verifies the STUN client is configured with the specified IPv4 source address and port. Validate the public IP and port if provided.,Source IPv4 Address: 172.16.13.2 Source Port: 4500,PASS,
99,Edge13,System,VerifyNTP,Verifies if NTP is synchronised.,,PASS,
100,Edge14,BGP,VerifyBGPSpecificPeers,Verifies the health of specific BGP peer(s).,BGP EVPN Peer: Pathfinder1 (IP: 10.99.102.1),PASS,
101,Edge14,BGP,VerifyBGPSpecificPeers,Verifies the health of specific BGP peer(s).,BGP EVPN Peer: Pathfinder2 (IP: 10.99.102.2),PASS,
102,Edge14,BGP,VerifyBGPSpecificPeers,Verifies the health of specific BGP peer(s).,BGP EVPN Peer: Pathfinder3 (IP: 10.99.102.3),PASS,
103,Edge14,BGP,VerifyBGPSpecificPeers,Verifies the health of specific BGP peer(s).,BGP EVPN Peer: Pathfinder4 (IP: 10.99.102.4),PASS,
104,Edge14,BGP,VerifyBGPSpecificPeers,Verifies the health of specific BGP peer(s).,BGP IPv4 SR-TE Peer: Pathfinder1 (IP: 10.99.102.1),PASS,
105,Edge14,BGP,VerifyBGPSpecificPeers,Verifies the health of specific BGP peer(s).,BGP IPv4 SR-TE Peer: Pathfinder2 (IP: 10.99.102.2),PASS,
106,Edge14,BGP,VerifyBGPSpecificPeers,Verifies the health of specific BGP peer(s).,BGP IPv4 SR-TE Peer: Pathfinder3 (IP: 10.99.102.3),PASS,
107,Edge14,BGP,VerifyBGPSpecificPeers,Verifies the health of specific BGP peer(s).,BGP IPv4 SR-TE Peer: Pathfinder4 (IP: 10.99.102.4),PASS,
108,Edge14,BGP,VerifyBGPSpecificPeers,Verifies the health of specific BGP peer(s).,BGP Link-State Peer: Pathfinder1 (IP: 10.99.102.1),PASS,
109,Edge14,BGP,VerifyBGPSpecificPeers,Verifies the health of specific BGP peer(s).,BGP Link-State Peer: Pathfinder2 (IP: 10.99.102.2),PASS,
110,Edge14,BGP,VerifyBGPSpecificPeers,Verifies the health of specific BGP peer(s).,BGP Link-State Peer: Pathfinder3 (IP: 10.99.102.3),PASS,
111,Edge14,BGP,VerifyBGPSpecificPeers,Verifies the health of specific BGP peer(s).,BGP Link-State Peer: Pathfinder4 (IP: 10.99.102.4),PASS,
112,Edge14,BGP,VerifyBGPSpecificPeers,Verifies the health of specific BGP peer(s).,BGP Path-Selection Peer: Pathfinder1 (IP: 10.99.102.1),PASS,
113,Edge14,BGP,VerifyBGPSpecificPeers,Verifies the health of specific BGP peer(s).,BGP Path-Selection Peer: Pathfinder2 (IP: 10.99.102.2),PASS,
114,Edge14,BGP,VerifyBGPSpecificPeers,Verifies the health of specific BGP peer(s).,BGP Path-Selection Peer: Pathfinder3 (IP: 10.99.102.3),PASS,
115,Edge14,BGP,VerifyBGPSpecificPeers,Verifies the health of specific BGP peer(s).,BGP Path-Selection Peer: Pathfinder4 (IP: 10.99.102.4),PASS,
116,Edge14,Hardware,VerifyEnvironmentCooling,Verifies the status of power supply fans and all fan trays.,Accepted States: 'ok',PASS,
117,Edge14,Hardware,VerifyEnvironmentPower,Verifies the power supplies status.,Accepted States: 'ok',FAIL,"ValueError: ""AntaCommand"" object has no field ""failed"""
118,Edge14,Hardware,VerifyTemperature,Verifies the device temperature.,,FAIL,Device temperature exceeds acceptable limits. Current system status: 'unknownTemperatureAlarmLevel'
119,Edge14,Hardware,VerifyTransceiversManufacturers,Verifies if all transceivers come from approved manufacturers.,"Accepted Manufacturers: 'Arista Networks', 'Arastra, Inc.', 'Not Present'",PASS,
120,Edge14,Interfaces,VerifyInterfacesStatus,Verifies the status of the provided interfaces.,Interface Dps1 - DPS Interface = 'up',PASS,
121,Edge14,Interfaces,VerifyInterfacesStatus,Verifies the status of the provided interfaces.,Interface Ethernet2 - mpls_r1 = 'up',PASS,
122,Edge14,Interfaces,VerifyInterfacesStatus,Verifies the status of the provided interfaces.,Interface Ethernet3 - internet = 'up',PASS,
123,Edge14,Interfaces,VerifyInterfacesStatus,Verifies the status of the provided interfaces.,Interface Loopback0 - Router_ID = 'up',PASS,
124,Edge14,Interfaces,VerifyInterfacesStatus,Verifies the status of the provided interfaces.,Interface Vxlan1 = 'up',PASS,
125,Edge14,Routing,VerifyRoutingProtocolModel,Verifies the configured routing protocol model.,Routing protocol model: multi-agent,PASS,
126,Edge14,Security,VerifySpecificIPSecConn,Verifies IPv4 security connections for a peer.,IPv4 Peer: 10.99.102.1 VRF: default,PASS,
127,Edge14,Security,VerifySpecificIPSecConn,Verifies IPv4 security connections for a peer.,IPv4 Peer: 10.99.102.2 VRF: default,PASS,
128,Edge14,Security,VerifySpecificIPSecConn,Verifies IPv4 security connections for a peer.,IPv4 Peer: 10.99.102.3 VRF: default,PASS,
129,Edge14,Security,VerifySpecificIPSecConn,Verifies IPv4 security connections for a peer.,IPv4 Peer: 10.99.102.4 VRF: default,PASS,
130,Edge14,STUN,VerifyStunClient,Verifies the STUN client is configured with the specified IPv4 source address and port. Validate the public IP and port if provided.,Source IPv4 Address: 11.11.14.2 Source Port: 4500,PASS,
131,Edge14,STUN,VerifyStunClient,Verifies the STUN client is configured with the specified IPv4 source address and port. Validate the public IP and port if provided.,Source IPv4 Address: 172.16.14.2 Source Port: 4500,PASS,
132,Edge14,System,VerifyNTP,Verifies if NTP is synchronised.,,PASS,
133,Edge20,BGP,VerifyBGPSpecificPeers,Verifies the health of specific BGP peer(s).,BGP EVPN Peer: Pathfinder1 (IP: 10.99.102.1),PASS,
134,Edge20,BGP,VerifyBGPSpecificPeers,Verifies the health of specific BGP peer(s).,BGP EVPN Peer: Pathfinder2 (IP: 10.99.102.2),PASS,
135,Edge20,BGP,VerifyBGPSpecificPeers,Verifies the health of specific BGP peer(s).,BGP EVPN Peer: Pathfinder3 (IP: 10.99.102.3),PASS,
136,Edge20,BGP,VerifyBGPSpecificPeers,Verifies the health of specific BGP peer(s).,BGP EVPN Peer: Pathfinder4 (IP: 10.99.102.4),PASS,
137,Edge20,BGP,VerifyBGPSpecificPeers,Verifies the health of specific BGP peer(s).,BGP IPv4 SR-TE Peer: Pathfinder1 (IP: 10.99.102.1),PASS,
138,Edge20,BGP,VerifyBGPSpecificPeers,Verifies the health of specific BGP peer(s).,BGP IPv4 SR-TE Peer: Pathfinder2 (IP: 10.99.102.2),PASS,
139,Edge20,BGP,VerifyBGPSpecificPeers,Verifies the health of specific BGP peer(s).,BGP IPv4 SR-TE Peer: Pathfinder3 (IP: 10.99.102.3),PASS,
140,Edge20,BGP,VerifyBGPSpecificPeers,Verifies the health of specific BGP peer(s).,BGP IPv4 SR-TE Peer: Pathfinder4 (IP: 10.99.102.4),PASS,
141,Edge20,BGP,VerifyBGPSpecificPeers,Verifies the health of specific BGP peer(s).,BGP Link-State Peer: Pathfinder1 (IP: 10.99.102.1),PASS,
142,Edge20,BGP,VerifyBGPSpecificPeers,Verifies the health of specific BGP peer(s).,BGP Link-State Peer: Pathfinder2 (IP: 10.99.102.2),PASS,
143,Edge20,BGP,VerifyBGPSpecificPeers,Verifies the health of specific BGP peer(s).,BGP Link-State Peer: Pathfinder3 (IP: 10.99.102.3),PASS,
144,Edge20,BGP,VerifyBGPSpecificPeers,Verifies the health of specific BGP peer(s).,BGP Link-State Peer: Pathfinder4 (IP: 10.99.102.4),PASS,
145,Edge20,BGP,VerifyBGPSpecificPeers,Verifies the health of specific BGP peer(s).,BGP Path-Selection Peer: Pathfinder1 (IP: 10.99.102.1),PASS,
146,Edge20,BGP,VerifyBGPSpecificPeers,Verifies the health of specific BGP peer(s).,BGP Path-Selection Peer: Pathfinder2 (IP: 10.99.102.2),PASS,
147,Edge20,BGP,VerifyBGPSpecificPeers,Verifies the health of specific BGP peer(s).,BGP Path-Selection Peer: Pathfinder3 (IP: 10.99.102.3),PASS,
148,Edge20,BGP,VerifyBGPSpecificPeers,Verifies the health of specific BGP peer(s).,BGP Path-Selection Peer: Pathfinder4 (IP: 10.99.102.4),PASS,
149,Edge20,Hardware,VerifyEnvironmentCooling,Verifies the status of power supply fans and all fan trays.,Accepted States: 'ok',PASS,
150,Edge20,Hardware,VerifyEnvironmentPower,Verifies the power supplies status.,Accepted States: 'ok',FAIL,"ValueError: ""AntaCommand"" object has no field ""failed"""
151,Edge20,Hardware,VerifyTemperature,Verifies the device temperature.,,FAIL,Device temperature exceeds acceptable limits. Current system status: 'unknownTemperatureAlarmLevel'
152,Edge20,Hardware,VerifyTransceiversManufacturers,Verifies if all transceivers come from approved manufacturers.,"Accepted Manufacturers: 'Arista Networks', 'Arastra, Inc.', 'Not Present'",PASS,
153,Edge20,Interfaces,VerifyInterfacesStatus,Verifies the status of the provided interfaces.,Interface Dps1 - DPS Interface = 'up',PASS,
154,Edge20,Interfaces,VerifyInterfacesStatus,Verifies the status of the provided interfaces.,Interface Ethernet4 - mpls_r2 = 'up',PASS,
155,Edge20,Interfaces,VerifyInterfacesStatus,Verifies the status of the provided interfaces.,Interface Ethernet5 - internet = 'up',PASS,
156,Edge20,Interfaces,VerifyInterfacesStatus,Verifies the status of the provided interfaces.,Interface Loopback0 - Router_ID = 'up',PASS,
157,Edge20,Interfaces,VerifyInterfacesStatus,Verifies the status of the provided interfaces.,Interface Vxlan1 = 'up',PASS,
158,Edge20,Routing,VerifyRoutingProtocolModel,Verifies the configured routing protocol model.,Routing protocol model: multi-agent,PASS,
159,Edge20,Security,VerifySpecificIPSecConn,Verifies IPv4 security connections for a peer.,IPv4 Peer: 10.99.102.1 VRF: default,PASS,
160,Edge20,Security,VerifySpecificIPSecConn,Verifies IPv4 security connections for a peer.,IPv4 Peer: 10.99.102.2 VRF: default,PASS,
161,Edge20,Security,VerifySpecificIPSecConn,Verifies IPv4 security connections for a peer.,IPv4 Peer: 10.99.102.3 VRF: default,PASS,
162,Edge20,Security,VerifySpecificIPSecConn,Verifies IPv4 security connections for a peer.,IPv4 Peer: 10.99.102.4 VRF: default,PASS,
163,Edge20,STUN,VerifyStunClient,Verifies the STUN client is configured with the specified IPv4 source address and port. Validate the public IP and port if provided.,Source IPv4 Address: 172.16.20.2 Source Port: 4500,PASS,
164,Edge20,STUN,VerifyStunClient,Verifies the STUN client is configured with the specified IPv4 source address and port. Validate the public IP and port if provided.,Source IPv4 Address: 22.22.20.10 Source Port: 4500,PASS,
165,Edge20,System,VerifyNTP,Verifies if NTP is synchronised.,,PASS,
166,Edge22,BGP,VerifyBGPSpecificPeers,Verifies the health of specific BGP peer(s).,BGP EVPN Peer: Pathfinder1 (IP: 10.99.102.1),PASS,
167,Edge22,BGP,VerifyBGPSpecificPeers,Verifies the health of specific BGP peer(s).,BGP EVPN Peer: Pathfinder2 (IP: 10.99.102.2),PASS,
168,Edge22,BGP,VerifyBGPSpecificPeers,Verifies the health of specific BGP peer(s).,BGP EVPN Peer: Pathfinder3 (IP: 10.99.102.3),PASS,
169,Edge22,BGP,VerifyBGPSpecificPeers,Verifies the health of specific BGP peer(s).,BGP EVPN Peer: Pathfinder4 (IP: 10.99.102.4),PASS,
170,Edge22,BGP,VerifyBGPSpecificPeers,Verifies the health of specific BGP peer(s).,BGP IPv4 SR-TE Peer: Pathfinder1 (IP: 10.99.102.1),PASS,
171,Edge22,BGP,VerifyBGPSpecificPeers,Verifies the health of specific BGP peer(s).,BGP IPv4 SR-TE Peer: Pathfinder2 (IP: 10.99.102.2),PASS,
172,Edge22,BGP,VerifyBGPSpecificPeers,Verifies the health of specific BGP peer(s).,BGP IPv4 SR-TE Peer: Pathfinder3 (IP: 10.99.102.3),PASS,
173,Edge22,BGP,VerifyBGPSpecificPeers,Verifies the health of specific BGP peer(s).,BGP IPv4 SR-TE Peer: Pathfinder4 (IP: 10.99.102.4),PASS,
174,Edge22,BGP,VerifyBGPSpecificPeers,Verifies the health of specific BGP peer(s).,BGP Link-State Peer: Pathfinder1 (IP: 10.99.102.1),PASS,
175,Edge22,BGP,VerifyBGPSpecificPeers,Verifies the health of specific BGP peer(s).,BGP Link-State Peer: Pathfinder2 (IP: 10.99.102.2),PASS,
176,Edge22,BGP,VerifyBGPSpecificPeers,Verifies the health of specific BGP peer(s).,BGP Link-State Peer: Pathfinder3 (IP: 10.99.102.3),PASS,
177,Edge22,BGP,VerifyBGPSpecificPeers,Verifies the health of specific BGP peer(s).,BGP Link-State Peer: Pathfinder4 (IP: 10.99.102.4),PASS,
178,Edge22,BGP,VerifyBGPSpecificPeers,Verifies the health of specific BGP peer(s).,BGP Path-Selection Peer: Pathfinder1 (IP: 10.99.102.1),PASS,
179,Edge22,BGP,VerifyBGPSpecificPeers,Verifies the health of specific BGP peer(s).,BGP Path-Selection Peer: Pathfinder2 (IP: 10.99.102.2),PASS,
180,Edge22,BGP,VerifyBGPSpecificPeers,Verifies the health of specific BGP peer(s).,BGP Path-Selection Peer: Pathfinder3 (IP: 10.99.102.3),PASS,
181,Edge22,BGP,VerifyBGPSpecificPeers,Verifies the health of specific BGP peer(s).,BGP Path-Selection Peer: Pathfinder4 (IP: 10.99.102.4),PASS,
182,Edge22,Hardware,VerifyEnvironmentCooling,Verifies the status of power supply fans and all fan trays.,Accepted States: 'ok',PASS,
183,Edge22,Hardware,VerifyEnvironmentPower,Verifies the power supplies status.,Accepted States: 'ok',FAIL,"ValueError: ""AntaCommand"" object has no field ""failed"""
184,Edge22,Hardware,VerifyTemperature,Verifies the device temperature.,,FAIL,Device temperature exceeds acceptable limits. Current system status: 'unknownTemperatureAlarmLevel'
185,Edge22,Hardware,VerifyTransceiversManufacturers,Verifies if all transceivers come from approved manufacturers.,"Accepted Manufacturers: 'Arista Networks', 'Arastra, Inc.', 'Not Present'",PASS,
186,Edge22,Interfaces,VerifyInterfacesStatus,Verifies the status of the provided interfaces.,Interface Dps1 - DPS Interface = 'up',PASS,
187,Edge22,Interfaces,VerifyInterfacesStatus,Verifies the status of the provided interfaces.,Interface Ethernet2 - mpls_r2 = 'up',PASS,
188,Edge22,Interfaces,VerifyInterfacesStatus,Verifies the status of the provided interfaces.,Interface Ethernet3 - internet = 'up',PASS,
189,Edge22,Interfaces,VerifyInterfacesStatus,Verifies the status of the provided interfaces.,Interface Loopback0 - Router_ID = 'up',PASS,
190,Edge22,Interfaces,VerifyInterfacesStatus,Verifies the status of the provided interfaces.,Interface Vxlan1 = 'up',PASS,
191,Edge22,Routing,VerifyRoutingProtocolModel,Verifies the configured routing protocol model.,Routing protocol model: multi-agent,PASS,
192,Edge22,Security,VerifySpecificIPSecConn,Verifies IPv4 security connections for a peer.,IPv4 Peer: 10.99.102.1 VRF: default,PASS,
193,Edge22,Security,VerifySpecificIPSecConn,Verifies IPv4 security connections for a peer.,IPv4 Peer: 10.99.102.2 VRF: default,PASS,
194,Edge22,Security,VerifySpecificIPSecConn,Verifies IPv4 security connections for a peer.,IPv4 Peer: 10.99.102.3 VRF: default,PASS,
195,Edge22,Security,VerifySpecificIPSecConn,Verifies IPv4 security connections for a peer.,IPv4 Peer: 10.99.102.4 VRF: default,PASS,
196,Edge22,STUN,VerifyStunClient,Verifies the STUN client is configured with the specified IPv4 source address and port. Validate the public IP and port if provided.,Source IPv4 Address: 172.16.22.2 Source Port: 4500,PASS,
197,Edge22,STUN,VerifyStunClient,Verifies the STUN client is configured with the specified IPv4 source address and port. Validate the public IP and port if provided.,Source IPv4 Address: 22.22.22.10 Source Port: 4500,PASS,
198,Edge22,System,VerifyNTP,Verifies if NTP is synchronised.,,PASS,
199,Edge23,BGP,VerifyBGPSpecificPeers,Verifies the health of specific BGP peer(s).,BGP EVPN Peer: Pathfinder1 (IP: 10.99.102.1),PASS,
200,Edge23,BGP,VerifyBGPSpecificPeers,Verifies the health of specific BGP peer(s).,BGP EVPN Peer: Pathfinder2 (IP: 10.99.102.2),PASS,
201,Edge23,BGP,VerifyBGPSpecificPeers,Verifies the health of specific BGP peer(s).,BGP EVPN Peer: Pathfinder3 (IP: 10.99.102.3),PASS,
202,Edge23,BGP,VerifyBGPSpecificPeers,Verifies the health of specific BGP peer(s).,BGP EVPN Peer: Pathfinder4 (IP: 10.99.102.4),PASS,
203,Edge23,BGP,VerifyBGPSpecificPeers,Verifies the health of specific BGP peer(s).,BGP IPv4 SR-TE Peer: Pathfinder1 (IP: 10.99.102.1),PASS,
204,Edge23,BGP,VerifyBGPSpecificPeers,Verifies the health of specific BGP peer(s).,BGP IPv4 SR-TE Peer: Pathfinder2 (IP: 10.99.102.2),PASS,
205,Edge23,BGP,VerifyBGPSpecificPeers,Verifies the health of specific BGP peer(s).,BGP IPv4 SR-TE Peer: Pathfinder3 (IP: 10.99.102.3),PASS,
206,Edge23,BGP,VerifyBGPSpecificPeers,Verifies the health of specific BGP peer(s).,BGP IPv4 SR-TE Peer: Pathfinder4 (IP: 10.99.102.4),PASS,
207,Edge23,BGP,VerifyBGPSpecificPeers,Verifies the health of specific BGP peer(s).,BGP Link-State Peer: Pathfinder1 (IP: 10.99.102.1),PASS,
208,Edge23,BGP,VerifyBGPSpecificPeers,Verifies the health of specific BGP peer(s).,BGP Link-State Peer: Pathfinder2 (IP: 10.99.102.2),PASS,
209,Edge23,BGP,VerifyBGPSpecificPeers,Verifies the health of specific BGP peer(s).,BGP Link-State Peer: Pathfinder3 (IP: 10.99.102.3),PASS,
210,Edge23,BGP,VerifyBGPSpecificPeers,Verifies the health of specific BGP peer(s).,BGP Link-State Peer: Pathfinder4 (IP: 10.99.102.4),PASS,
211,Edge23,BGP,VerifyBGPSpecificPeers,Verifies the health of specific BGP peer(s).,BGP Path-Selection Peer: Pathfinder1 (IP: 10.99.102.1),PASS,
212,Edge23,BGP,VerifyBGPSpecificPeers,Verifies the health of specific BGP peer(s).,BGP Path-Selection Peer: Pathfinder2 (IP: 10.99.102.2),PASS,
213,Edge23,BGP,VerifyBGPSpecificPeers,Verifies the health of specific BGP peer(s).,BGP Path-Selection Peer: Pathfinder3 (IP: 10.99.102.3),PASS,
214,Edge23,BGP,VerifyBGPSpecificPeers,Verifies the health of specific BGP peer(s).,BGP Path-Selection Peer: Pathfinder4 (IP: 10.99.102.4),PASS,
215,Edge23,Hardware,VerifyEnvironmentCooling,Verifies the status of power supply fans and all fan trays.,Accepted States: 'ok',PASS,
216,Edge23,Hardware,VerifyEnvironmentPower,Verifies the power supplies status.,Accepted States: 'ok',FAIL,"ValueError: ""AntaCommand"" object has no field ""failed"""
217,Edge23,Hardware,VerifyTemperature,Verifies the device temperature.,,FAIL,Device temperature exceeds acceptable limits. Current system status: 'unknownTemperatureAlarmLevel'
218,Edge23,Hardware,VerifyTransceiversManufacturers,Verifies if all transceivers come from approved manufacturers.,"Accepted Manufacturers: 'Arista Networks', 'Arastra, Inc.', 'Not Present'",PASS,
219,Edge23,Interfaces,VerifyInterfacesStatus,Verifies the status of the provided interfaces.,Interface Dps1 - DPS Interface = 'up',PASS,
220,Edge23,Interfaces,VerifyInterfacesStatus,Verifies the status of the provided interfaces.,Interface Ethernet2 - mpls_r2 = 'up',PASS,
221,Edge23,Interfaces,VerifyInterfacesStatus,Verifies the status of the provided interfaces.,Interface Ethernet3 - internet = 'up',PASS,
222,Edge23,Interfaces,VerifyInterfacesStatus,Verifies the status of the provided interfaces.,Interface Loopback0 - Router_ID = 'up',PASS,
223,Edge23,Interfaces,VerifyInterfacesStatus,Verifies the status of the provided interfaces.,Interface Vxlan1 = 'up',PASS,
224,Edge23,Routing,VerifyRoutingProtocolModel,Verifies the configured routing protocol model.,Routing protocol model: multi-agent,PASS,
225,Edge23,Security,VerifySpecificIPSecConn,Verifies IPv4 security connections for a peer.,IPv4 Peer: 10.99.102.1 VRF: default,PASS,
226,Edge23,Security,VerifySpecificIPSecConn,Verifies IPv4 security connections for a peer.,IPv4 Peer: 10.99.102.2 VRF: default,PASS,
227,Edge23,Security,VerifySpecificIPSecConn,Verifies IPv4 security connections for a peer.,IPv4 Peer: 10.99.102.3 VRF: default,PASS,
228,Edge23,Security,VerifySpecificIPSecConn,Verifies IPv4 security connections for a peer.,IPv4 Peer: 10.99.102.4 VRF: default,PASS,
229,Edge23,STUN,VerifyStunClient,Verifies the STUN client is configured with the specified IPv4 source address and port. Validate the public IP and port if provided.,Source IPv4 Address: 172.16.23.2 Source Port: 4500,PASS,
230,Edge23,STUN,VerifyStunClient,Verifies the STUN client is configured with the specified IPv4 source address and port. Validate the public IP and port if provided.,Source IPv4 Address: 22.22.23.10 Source Port: 4500,PASS,
231,Edge23,System,VerifyNTP,Verifies if NTP is synchronised.,,PASS,
232,Edge24,BGP,VerifyBGPSpecificPeers,Verifies the health of specific BGP peer(s).,BGP EVPN Peer: Pathfinder1 (IP: 10.99.102.1),PASS,
233,Edge24,BGP,VerifyBGPSpecificPeers,Verifies the health of specific BGP peer(s).,BGP EVPN Peer: Pathfinder2 (IP: 10.99.102.2),PASS,
234,Edge24,BGP,VerifyBGPSpecificPeers,Verifies the health of specific BGP peer(s).,BGP EVPN Peer: Pathfinder3 (IP: 10.99.102.3),PASS,
235,Edge24,BGP,VerifyBGPSpecificPeers,Verifies the health of specific BGP peer(s).,BGP EVPN Peer: Pathfinder4 (IP: 10.99.102.4),PASS,
236,Edge24,BGP,VerifyBGPSpecificPeers,Verifies the health of specific BGP peer(s).,BGP IPv4 SR-TE Peer: Pathfinder1 (IP: 10.99.102.1),PASS,
237,Edge24,BGP,VerifyBGPSpecificPeers,Verifies the health of specific BGP peer(s).,BGP IPv4 SR-TE Peer: Pathfinder2 (IP: 10.99.102.2),PASS,
238,Edge24,BGP,VerifyBGPSpecificPeers,Verifies the health of specific BGP peer(s).,BGP IPv4 SR-TE Peer: Pathfinder3 (IP: 10.99.102.3),PASS,
239,Edge24,BGP,VerifyBGPSpecificPeers,Verifies the health of specific BGP peer(s).,BGP IPv4 SR-TE Peer: Pathfinder4 (IP: 10.99.102.4),PASS,
240,Edge24,BGP,VerifyBGPSpecificPeers,Verifies the health of specific BGP peer(s).,BGP Link-State Peer: Pathfinder1 (IP: 10.99.102.1),PASS,
241,Edge24,BGP,VerifyBGPSpecificPeers,Verifies the health of specific BGP peer(s).,BGP Link-State Peer: Pathfinder2 (IP: 10.99.102.2),PASS,
242,Edge24,BGP,VerifyBGPSpecificPeers,Verifies the health of specific BGP peer(s).,BGP Link-State Peer: Pathfinder3 (IP: 10.99.102.3),PASS,
243,Edge24,BGP,VerifyBGPSpecificPeers,Verifies the health of specific BGP peer(s).,BGP Link-State Peer: Pathfinder4 (IP: 10.99.102.4),PASS,
244,Edge24,BGP,VerifyBGPSpecificPeers,Verifies the health of specific BGP peer(s).,BGP Path-Selection Peer: Pathfinder1 (IP: 10.99.102.1),PASS,
245,Edge24,BGP,VerifyBGPSpecificPeers,Verifies the health of specific BGP peer(s).,BGP Path-Selection Peer: Pathfinder2 (IP: 10.99.102.2),PASS,
246,Edge24,BGP,VerifyBGPSpecificPeers,Verifies the health of specific BGP peer(s).,BGP Path-Selection Peer: Pathfinder3 (IP: 10.99.102.3),PASS,
247,Edge24,BGP,VerifyBGPSpecificPeers,Verifies the health of specific BGP peer(s).,BGP Path-Selection Peer: Pathfinder4 (IP: 10.99.102.4),PASS,
248,Edge24,Hardware,VerifyEnvironmentCooling,Verifies the status of power supply fans and all fan trays.,Accepted States: 'ok',PASS,
249,Edge24,Hardware,VerifyEnvironmentPower,Verifies the power supplies status.,Accepted States: 'ok',FAIL,"ValueError: ""AntaCommand"" object has no field ""failed"""
250,Edge24,Hardware,VerifyTemperature,Verifies the device temperature.,,FAIL,Device temperature exceeds acceptable limits. Current system status: 'unknownTemperatureAlarmLevel'
251,Edge24,Hardware,VerifyTransceiversManufacturers,Verifies if all transceivers come from approved manufacturers.,"Accepted Manufacturers: 'Arista Networks', 'Arastra, Inc.', 'Not Present'",PASS,
252,Edge24,Interfaces,VerifyInterfacesStatus,Verifies the status of the provided interfaces.,Interface Dps1 - DPS Interface = 'up',PASS,
253,Edge24,Interfaces,VerifyInterfacesStatus,Verifies the status of the provided interfaces.,Interface Ethernet2 - mpls_r2 = 'up',PASS,
254,Edge24,Interfaces,VerifyInterfacesStatus,Verifies the status of the provided interfaces.,Interface Ethernet3 - internet = 'up',PASS,
255,Edge24,Interfaces,VerifyInterfacesStatus,Verifies the status of the provided interfaces.,Interface Loopback0 - Router_ID = 'up',PASS,
256,Edge24,Interfaces,VerifyInterfacesStatus,Verifies the status of the provided interfaces.,Interface Vxlan1 = 'up',PASS,
257,Edge24,Routing,VerifyRoutingProtocolModel,Verifies the configured routing protocol model.,Routing protocol model: multi-agent,PASS,
258,Edge24,Security,VerifySpecificIPSecConn,Verifies IPv4 security connections for a peer.,IPv4 Peer: 10.99.102.1 VRF: default,PASS,
259,Edge24,Security,VerifySpecificIPSecConn,Verifies IPv4 security connections for a peer.,IPv4 Peer: 10.99.102.2 VRF: default,PASS,
260,Edge24,Security,VerifySpecificIPSecConn,Verifies IPv4 security connections for a peer.,IPv4 Peer: 10.99.102.3 VRF: default,PASS,
261,Edge24,Security,VerifySpecificIPSecConn,Verifies IPv4 security connections for a peer.,IPv4 Peer: 10.99.102.4 VRF: default,PASS,
262,Edge24,STUN,VerifyStunClient,Verifies the STUN client is configured with the specified IPv4 source address and port. Validate the public IP and port if provided.,Source IPv4 Address: 172.16.24.2 Source Port: 4500,PASS,
263,Edge24,STUN,VerifyStunClient,Verifies the STUN client is configured with the specified IPv4 source address and port. Validate the public IP and port if provided.,Source IPv4 Address: 22.22.24.10 Source Port: 4500,PASS,
264,Edge24,System,VerifyNTP,Verifies if NTP is synchronised.,,PASS,
265,Pathfinder1,BGP,VerifyBGPSpecificPeers,Verifies the health of specific BGP peer(s).,BGP EVPN Peer: Pathfinder2 (IP: 10.99.102.2),PASS,
266,Pathfinder1,BGP,VerifyBGPSpecificPeers,Verifies the health of specific BGP peer(s).,BGP EVPN Peer: Pathfinder3 (IP: 10.99.102.3),PASS,
267,Pathfinder1,BGP,VerifyBGPSpecificPeers,Verifies the health of specific BGP peer(s).,BGP EVPN Peer: Pathfinder4 (IP: 10.99.102.4),PASS,
268,Pathfinder1,BGP,VerifyBGPSpecificPeers,Verifies the health of specific BGP peer(s).,BGP IPv4 SR-TE Peer: Pathfinder2 (IP: 10.99.102.2),PASS,
269,Pathfinder1,BGP,VerifyBGPSpecificPeers,Verifies the health of specific BGP peer(s).,BGP IPv4 SR-TE Peer: Pathfinder3 (IP: 10.99.102.3),PASS,
270,Pathfinder1,BGP,VerifyBGPSpecificPeers,Verifies the health of specific BGP peer(s).,BGP IPv4 SR-TE Peer: Pathfinder4 (IP: 10.99.102.4),PASS,
271,Pathfinder1,BGP,VerifyBGPSpecificPeers,Verifies the health of specific BGP peer(s).,BGP Link-State Peer: Pathfinder2 (IP: 10.99.102.2),PASS,
272,Pathfinder1,BGP,VerifyBGPSpecificPeers,Verifies the health of specific BGP peer(s).,BGP Link-State Peer: Pathfinder3 (IP: 10.99.102.3),PASS,
273,Pathfinder1,BGP,VerifyBGPSpecificPeers,Verifies the health of specific BGP peer(s).,BGP Link-State Peer: Pathfinder4 (IP: 10.99.102.4),PASS,
274,Pathfinder1,BGP,VerifyBGPSpecificPeers,Verifies the health of specific BGP peer(s).,BGP Path-Selection Peer: Pathfinder2 (IP: 10.99.102.2),PASS,
275,Pathfinder1,BGP,VerifyBGPSpecificPeers,Verifies the health of specific BGP peer(s).,BGP Path-Selection Peer: Pathfinder3 (IP: 10.99.102.3),PASS,
276,Pathfinder1,BGP,VerifyBGPSpecificPeers,Verifies the health of specific BGP peer(s).,BGP Path-Selection Peer: Pathfinder4 (IP: 10.99.102.4),PASS,
277,Pathfinder1,Hardware,VerifyEnvironmentCooling,Verifies the status of power supply fans and all fan trays.,Accepted States: 'ok',PASS,
278,Pathfinder1,Hardware,VerifyEnvironmentPower,Verifies the power supplies status.,Accepted States: 'ok',FAIL,"ValueError: ""AntaCommand"" object has no field ""failed"""
279,Pathfinder1,Hardware,VerifyTemperature,Verifies the device temperature.,,FAIL,Device temperature exceeds acceptable limits. Current system status: 'unknownTemperatureAlarmLevel'
280,Pathfinder1,Hardware,VerifyTransceiversManufacturers,Verifies if all transceivers come from approved manufacturers.,"Accepted Manufacturers: 'Arista Networks', 'Arastra, Inc.', 'Not Present'",PASS,
281,Pathfinder1,Interfaces,VerifyInterfacesStatus,Verifies the status of the provided interfaces.,Interface Dps1 - DPS Interface = 'up',PASS,
282,Pathfinder1,Interfaces,VerifyInterfacesStatus,Verifies the status of the provided interfaces.,Interface Ethernet2 - mpls_r1 = 'up',PASS,
283,Pathfinder1,Interfaces,VerifyInterfacesStatus,Verifies the status of the provided interfaces.,Interface Ethernet3 - internet = 'up',PASS,
284,Pathfinder1,Interfaces,VerifyInterfacesStatus,Verifies the status of the provided interfaces.,Interface Loopback0 - Router_ID = 'up',PASS,
285,Pathfinder1,Interfaces,VerifyInterfacesStatus,Verifies the status of the provided interfaces.,Interface Vxlan1 = 'up',PASS,
286,Pathfinder1,Routing,VerifyRoutingProtocolModel,Verifies the configured routing protocol model.,Routing protocol model: multi-agent,PASS,
287,Pathfinder1,Security,VerifySpecificIPSecConn,Verifies IPv4 security connections for a peer.,IPv4 Peer: 10.99.102.2 VRF: default,PASS,
288,Pathfinder1,Security,VerifySpecificIPSecConn,Verifies IPv4 security connections for a peer.,IPv4 Peer: 10.99.102.3 VRF: default,PASS,
289,Pathfinder1,Security,VerifySpecificIPSecConn,Verifies IPv4 security connections for a peer.,IPv4 Peer: 10.99.102.4 VRF: default,PASS,
290,Pathfinder1,System,VerifyNTP,Verifies if NTP is synchronised.,,PASS,
291,Pathfinder2,BGP,VerifyBGPSpecificPeers,Verifies the health of specific BGP peer(s).,BGP EVPN Peer: Pathfinder1 (IP: 10.99.102.1),PASS,
292,Pathfinder2,BGP,VerifyBGPSpecificPeers,Verifies the health of specific BGP peer(s).,BGP EVPN Peer: Pathfinder3 (IP: 10.99.102.3),PASS,
293,Pathfinder2,BGP,VerifyBGPSpecificPeers,Verifies the health of specific BGP peer(s).,BGP EVPN Peer: Pathfinder4 (IP: 10.99.102.4),PASS,
294,Pathfinder2,BGP,VerifyBGPSpecificPeers,Verifies the health of specific BGP peer(s).,BGP IPv4 SR-TE Peer: Pathfinder1 (IP: 10.99.102.1),PASS,
295,Pathfinder2,BGP,VerifyBGPSpecificPeers,Verifies the health of specific BGP peer(s).,BGP IPv4 SR-TE Peer: Pathfinder3 (IP: 10.99.102.3),PASS,
296,Pathfinder2,BGP,VerifyBGPSpecificPeers,Verifies the health of specific BGP peer(s).,BGP IPv4 SR-TE Peer: Pathfinder4 (IP: 10.99.102.4),PASS,
297,Pathfinder2,BGP,VerifyBGPSpecificPeers,Verifies the health of specific BGP peer(s).,BGP Link-State Peer: Pathfinder1 (IP: 10.99.102.1),PASS,
298,Pathfinder2,BGP,VerifyBGPSpecificPeers,Verifies the health of specific BGP peer(s).,BGP Link-State Peer: Pathfinder3 (IP: 10.99.102.3),PASS,
299,Pathfinder2,BGP,VerifyBGPSpecificPeers,Verifies the health of specific BGP peer(s).,BGP Link-State Peer: Pathfinder4 (IP: 10.99.102.4),PASS,
300,Pathfinder2,BGP,VerifyBGPSpecificPeers,Verifies the health of specific BGP peer(s).,BGP Path-Selection Peer: Pathfinder1 (IP: 10.99.102.1),PASS,
301,Pathfinder2,BGP,VerifyBGPSpecificPeers,Verifies the health of specific BGP peer(s).,BGP Path-Selection Peer: Pathfinder3 (IP: 10.99.102.3),PASS,
302,Pathfinder2,BGP,VerifyBGPSpecificPeers,Verifies the health of specific BGP peer(s).,BGP Path-Selection Peer: Pathfinder4 (IP: 10.99.102.4),PASS,
303,Pathfinder2,Hardware,VerifyEnvironmentCooling,Verifies the status of power supply fans and all fan trays.,Accepted States: 'ok',PASS,
304,Pathfinder2,Hardware,VerifyEnvironmentPower,Verifies the power supplies status.,Accepted States: 'ok',FAIL,"ValueError: ""AntaCommand"" object has no field ""failed"""
305,Pathfinder2,Hardware,VerifyTemperature,Verifies the device temperature.,,FAIL,Device temperature exceeds acceptable limits. Current system status: 'unknownTemperatureAlarmLevel'
306,Pathfinder2,Hardware,VerifyTransceiversManufacturers,Verifies if all transceivers come from approved manufacturers.,"Accepted Manufacturers: 'Arista Networks', 'Arastra, Inc.', 'Not Present'",PASS,
307,Pathfinder2,Interfaces,VerifyInterfacesStatus,Verifies the status of the provided interfaces.,Interface Dps1 - DPS Interface = 'up',PASS,
308,Pathfinder2,Interfaces,VerifyInterfacesStatus,Verifies the status of the provided interfaces.,Interface Ethernet2 - mpls_r1 = 'up',PASS,
309,Pathfinder2,Interfaces,VerifyInterfacesStatus,Verifies the status of the provided interfaces.,Interface Ethernet3 - internet = 'up',PASS,
310,Pathfinder2,Interfaces,VerifyInterfacesStatus,Verifies the status of the provided interfaces.,Interface Loopback0 - Router_ID = 'up',PASS,
311,Pathfinder2,Interfaces,VerifyInterfacesStatus,Verifies the status of the provided interfaces.,Interface Vxlan1 = 'up',PASS,
312,Pathfinder2,Routing,VerifyRoutingProtocolModel,Verifies the configured routing protocol model.,Routing protocol model: multi-agent,PASS,
313,Pathfinder2,Security,VerifySpecificIPSecConn,Verifies IPv4 security connections for a peer.,IPv4 Peer: 10.99.102.1 VRF: default,PASS,
314,Pathfinder2,Security,VerifySpecificIPSecConn,Verifies IPv4 security connections for a peer.,IPv4 Peer: 10.99.102.3 VRF: default,PASS,
315,Pathfinder2,Security,VerifySpecificIPSecConn,Verifies IPv4 security connections for a peer.,IPv4 Peer: 10.99.102.4 VRF: default,PASS,
316,Pathfinder2,System,VerifyNTP,Verifies if NTP is synchronised.,,PASS,
317,Pathfinder3,BGP,VerifyBGPSpecificPeers,Verifies the health of specific BGP peer(s).,BGP EVPN Peer: Pathfinder1 (IP: 10.99.102.1),FAIL,"Failures: [{'afi': 'evpn', 'vrfs': {'default': {'10.99.102.1': {'peerNotFound': True}}}}]"
318,Pathfinder3,BGP,VerifyBGPSpecificPeers,Verifies the health of specific BGP peer(s).,BGP EVPN Peer: Pathfinder2 (IP: 10.99.102.2),FAIL,"Failures: [{'afi': 'evpn', 'vrfs': {'default': {'10.99.102.2': {'peerNotFound': True}}}}]"
319,Pathfinder3,BGP,VerifyBGPSpecificPeers,Verifies the health of specific BGP peer(s).,BGP EVPN Peer: Pathfinder4 (IP: 10.99.102.4),FAIL,"Failures: [{'afi': 'evpn', 'vrfs': {'default': {'10.99.102.4': {'peerNotFound': True}}}}]"
320,Pathfinder3,BGP,VerifyBGPSpecificPeers,Verifies the health of specific BGP peer(s).,BGP IPv4 SR-TE Peer: Pathfinder1 (IP: 10.99.102.1),FAIL,"Failures: [{'afi': 'ipv4', 'safi': 'sr-te', 'vrfs': {'default': {'10.99.102.1': {'peerNotFound': True}}}}]"
321,Pathfinder3,BGP,VerifyBGPSpecificPeers,Verifies the health of specific BGP peer(s).,BGP IPv4 SR-TE Peer: Pathfinder2 (IP: 10.99.102.2),FAIL,"Failures: [{'afi': 'ipv4', 'safi': 'sr-te', 'vrfs': {'default': {'10.99.102.2': {'peerNotFound': True}}}}]"
322,Pathfinder3,BGP,VerifyBGPSpecificPeers,Verifies the health of specific BGP peer(s).,BGP IPv4 SR-TE Peer: Pathfinder4 (IP: 10.99.102.4),FAIL,"Failures: [{'afi': 'ipv4', 'safi': 'sr-te', 'vrfs': {'default': {'10.99.102.4': {'peerNotFound': True}}}}]"
323,Pathfinder3,BGP,VerifyBGPSpecificPeers,Verifies the health of specific BGP peer(s).,BGP Link-State Peer: Pathfinder1 (IP: 10.99.102.1),FAIL,"Failures: [{'afi': 'link-state', 'vrfs': {'default': {'10.99.102.1': {'peerNotFound': True}}}}]"
324,Pathfinder3,BGP,VerifyBGPSpecificPeers,Verifies the health of specific BGP peer(s).,BGP Link-State Peer: Pathfinder2 (IP: 10.99.102.2),FAIL,"Failures: [{'afi': 'link-state', 'vrfs': {'default': {'10.99.102.2': {'peerNotFound': True}}}}]"
325,Pathfinder3,BGP,VerifyBGPSpecificPeers,Verifies the health of specific BGP peer(s).,BGP Link-State Peer: Pathfinder4 (IP: 10.99.102.4),FAIL,"Failures: [{'afi': 'link-state', 'vrfs': {'default': {'10.99.102.4': {'peerNotFound': True}}}}]"
326,Pathfinder3,BGP,VerifyBGPSpecificPeers,Verifies the health of specific BGP peer(s).,BGP Path-Selection Peer: Pathfinder1 (IP: 10.99.102.1),FAIL,"Failures: [{'afi': 'path-selection', 'vrfs': {'default': {'10.99.102.1': {'peerNotFound': True}}}}]"
327,Pathfinder3,BGP,VerifyBGPSpecificPeers,Verifies the health of specific BGP peer(s).,BGP Path-Selection Peer: Pathfinder2 (IP: 10.99.102.2),FAIL,"Failures: [{'afi': 'path-selection', 'vrfs': {'default': {'10.99.102.2': {'peerNotFound': True}}}}]"
328,Pathfinder3,BGP,VerifyBGPSpecificPeers,Verifies the health of specific BGP peer(s).,BGP Path-Selection Peer: Pathfinder4 (IP: 10.99.102.4),FAIL,"Failures: [{'afi': 'path-selection', 'vrfs': {'default': {'10.99.102.4': {'peerNotFound': True}}}}]"
329,Pathfinder3,Hardware,VerifyEnvironmentCooling,Verifies the status of power supply fans and all fan trays.,Accepted States: 'ok',SKIPPED,VerifyEnvironmentCooling test is not supported on vEOS-lab.
330,Pathfinder3,Hardware,VerifyEnvironmentPower,Verifies the power supplies status.,Accepted States: 'ok',SKIPPED,VerifyEnvironmentPower test is not supported on vEOS-lab.
331,Pathfinder3,Hardware,VerifyTemperature,Verifies the device temperature.,,SKIPPED,VerifyTemperature test is not supported on vEOS-lab.
332,Pathfinder3,Hardware,VerifyTransceiversManufacturers,Verifies if all transceivers come from approved manufacturers.,"Accepted Manufacturers: 'Arista Networks', 'Arastra, Inc.', 'Not Present'",SKIPPED,VerifyTransceiversManufacturers test is not supported on vEOS-lab.
333,Pathfinder3,Interfaces,VerifyInterfacesStatus,Verifies the status of the provided interfaces.,Interface Dps1 - DPS Interface = 'up',FAIL,The following interface(s) are not configured: ['Dps1']
334,Pathfinder3,Interfaces,VerifyInterfacesStatus,Verifies the status of the provided interfaces.,Interface Ethernet2 - mpls_r2 = 'up',PASS,
335,Pathfinder3,Interfaces,VerifyInterfacesStatus,Verifies the status of the provided interfaces.,Interface Ethernet3 - internet = 'up',PASS,
336,Pathfinder3,Interfaces,VerifyInterfacesStatus,Verifies the status of the provided interfaces.,Interface Loopback0 - Router_ID = 'up',PASS,
337,Pathfinder3,Interfaces,VerifyInterfacesStatus,Verifies the status of the provided interfaces.,Interface Vxlan1 = 'up',FAIL,The following interface(s) are not configured: ['Vxlan1']
338,Pathfinder3,Routing,VerifyRoutingProtocolModel,Verifies the configured routing protocol model.,Routing protocol model: multi-agent,PASS,
339,Pathfinder3,Security,VerifySpecificIPSecConn,Verifies IPv4 security connections for a peer.,IPv4 Peer: 10.99.102.1 VRF: default,FAIL,No IPv4 security connection configured for peer `10.99.102.1`.
340,Pathfinder3,Security,VerifySpecificIPSecConn,Verifies IPv4 security connections for a peer.,IPv4 Peer: 10.99.102.2 VRF: default,FAIL,No IPv4 security connection configured for peer `10.99.102.2`.
341,Pathfinder3,Security,VerifySpecificIPSecConn,Verifies IPv4 security connections for a peer.,IPv4 Peer: 10.99.102.4 VRF: default,FAIL,No IPv4 security connection configured for peer `10.99.102.4`.
342,Pathfinder3,System,VerifyNTP,Verifies if NTP is synchronised.,,PASS,
343,Pathfinder4,BGP,VerifyBGPSpecificPeers,Verifies the health of specific BGP peer(s).,BGP EVPN Peer: Pathfinder1 (IP: 10.99.102.1),FAIL,"Failures: [{'afi': 'evpn', 'vrfs': {'default': {'10.99.102.1': {'peerNotFound': True}}}}]"
344,Pathfinder4,BGP,VerifyBGPSpecificPeers,Verifies the health of specific BGP peer(s).,BGP EVPN Peer: Pathfinder2 (IP: 10.99.102.2),FAIL,"Failures: [{'afi': 'evpn', 'vrfs': {'default': {'10.99.102.2': {'peerNotFound': True}}}}]"
345,Pathfinder4,BGP,VerifyBGPSpecificPeers,Verifies the health of specific BGP peer(s).,BGP EVPN Peer: Pathfinder3 (IP: 10.99.102.3),FAIL,"Failures: [{'afi': 'evpn', 'vrfs': {'default': {'10.99.102.3': {'peerNotFound': True}}}}]"
346,Pathfinder4,BGP,VerifyBGPSpecificPeers,Verifies the health of specific BGP peer(s).,BGP IPv4 SR-TE Peer: Pathfinder1 (IP: 10.99.102.1),FAIL,"Failures: [{'afi': 'ipv4', 'safi': 'sr-te', 'vrfs': {'default': {'10.99.102.1': {'peerNotFound': True}}}}]"
347,Pathfinder4,BGP,VerifyBGPSpecificPeers,Verifies the health of specific BGP peer(s).,BGP IPv4 SR-TE Peer: Pathfinder2 (IP: 10.99.102.2),FAIL,"Failures: [{'afi': 'ipv4', 'safi': 'sr-te', 'vrfs': {'default': {'10.99.102.2': {'peerNotFound': True}}}}]"
348,Pathfinder4,BGP,VerifyBGPSpecificPeers,Verifies the health of specific BGP peer(s).,BGP IPv4 SR-TE Peer: Pathfinder3 (IP: 10.99.102.3),FAIL,"Failures: [{'afi': 'ipv4', 'safi': 'sr-te', 'vrfs': {'default': {'10.99.102.3': {'peerNotFound': True}}}}]"
349,Pathfinder4,BGP,VerifyBGPSpecificPeers,Verifies the health of specific BGP peer(s).,BGP Link-State Peer: Pathfinder1 (IP: 10.99.102.1),FAIL,"Failures: [{'afi': 'link-state', 'vrfs': {'default': {'10.99.102.1': {'peerNotFound': True}}}}]"
350,Pathfinder4,BGP,VerifyBGPSpecificPeers,Verifies the health of specific BGP peer(s).,BGP Link-State Peer: Pathfinder2 (IP: 10.99.102.2),FAIL,"Failures: [{'afi': 'link-state', 'vrfs': {'default': {'10.99.102.2': {'peerNotFound': True}}}}]"
351,Pathfinder4,BGP,VerifyBGPSpecificPeers,Verifies the health of specific BGP peer(s).,BGP Link-State Peer: Pathfinder3 (IP: 10.99.102.3),FAIL,"Failures: [{'afi': 'link-state', 'vrfs': {'default': {'10.99.102.3': {'peerNotFound': True}}}}]"
352,Pathfinder4,BGP,VerifyBGPSpecificPeers,Verifies the health of specific BGP peer(s).,BGP Path-Selection Peer: Pathfinder1 (IP: 10.99.102.1),FAIL,"Failures: [{'afi': 'path-selection', 'vrfs': {'default': {'10.99.102.1': {'peerNotFound': True}}}}]"
353,Pathfinder4,BGP,VerifyBGPSpecificPeers,Verifies the health of specific BGP peer(s).,BGP Path-Selection Peer: Pathfinder2 (IP: 10.99.102.2),FAIL,"Failures: [{'afi': 'path-selection', 'vrfs': {'default': {'10.99.102.2': {'peerNotFound': True}}}}]"
354,Pathfinder4,BGP,VerifyBGPSpecificPeers,Verifies the health of specific BGP peer(s).,BGP Path-Selection Peer: Pathfinder3 (IP: 10.99.102.3),FAIL,"Failures: [{'afi': 'path-selection', 'vrfs': {'default': {'10.99.102.3': {'peerNotFound': True}}}}]"
355,Pathfinder4,Hardware,VerifyEnvironmentCooling,Verifies the status of power supply fans and all fan trays.,Accepted States: 'ok',SKIPPED,VerifyEnvironmentCooling test is not supported on vEOS-lab.
356,Pathfinder4,Hardware,VerifyEnvironmentPower,Verifies the power supplies status.,Accepted States: 'ok',SKIPPED,VerifyEnvironmentPower test is not supported on vEOS-lab.
357,Pathfinder4,Hardware,VerifyTemperature,Verifies the device temperature.,,SKIPPED,VerifyTemperature test is not supported on vEOS-lab.
358,Pathfinder4,Hardware,VerifyTransceiversManufacturers,Verifies if all transceivers come from approved manufacturers.,"Accepted Manufacturers: 'Arista Networks', 'Arastra, Inc.', 'Not Present'",SKIPPED,VerifyTransceiversManufacturers test is not supported on vEOS-lab.
359,Pathfinder4,Interfaces,VerifyInterfacesStatus,Verifies the status of the provided interfaces.,Interface Dps1 - DPS Interface = 'up',FAIL,The following interface(s) are not configured: ['Dps1']
360,Pathfinder4,Interfaces,VerifyInterfacesStatus,Verifies the status of the provided interfaces.,Interface Ethernet2 - mpls_r2 = 'up',PASS,
361,Pathfinder4,Interfaces,VerifyInterfacesStatus,Verifies the status of the provided interfaces.,Interface Ethernet3 - internet = 'up',PASS,
362,Pathfinder4,Interfaces,VerifyInterfacesStatus,Verifies the status of the provided interfaces.,Interface Loopback0 - Router_ID = 'up',PASS,
363,Pathfinder4,Interfaces,VerifyInterfacesStatus,Verifies the status of the provided interfaces.,Interface Vxlan1 = 'up',FAIL,The following interface(s) are not configured: ['Vxlan1']
364,Pathfinder4,Routing,VerifyRoutingProtocolModel,Verifies the configured routing protocol model.,Routing protocol model: multi-agent,PASS,
365,Pathfinder4,Security,VerifySpecificIPSecConn,Verifies IPv4 security connections for a peer.,IPv4 Peer: 10.99.102.1 VRF: default,FAIL,No IPv4 security connection configured for peer `10.99.102.1`.
366,Pathfinder4,Security,VerifySpecificIPSecConn,Verifies IPv4 security connections for a peer.,IPv4 Peer: 10.99.102.2 VRF: default,FAIL,No IPv4 security connection configured for peer `10.99.102.2`.
367,Pathfinder4,Security,VerifySpecificIPSecConn,Verifies IPv4 security connections for a peer.,IPv4 Peer: 10.99.102.3 VRF: default,FAIL,No IPv4 security connection configured for peer `10.99.102.3`.
368,Pathfinder4,System,VerifyNTP,Verifies if NTP is synchronised.,,PASS,
369,Transit1,BGP,VerifyBGPSpecificPeers,Verifies the health of specific BGP peer(s).,BGP EVPN Peer: Pathfinder1 (IP: 10.99.102.1),PASS,
370,Transit1,BGP,VerifyBGPSpecificPeers,Verifies the health of specific BGP peer(s).,BGP EVPN Peer: Pathfinder2 (IP: 10.99.102.2),PASS,
371,Transit1,BGP,VerifyBGPSpecificPeers,Verifies the health of specific BGP peer(s).,BGP EVPN Peer: Pathfinder3 (IP: 10.99.102.3),PASS,
372,Transit1,BGP,VerifyBGPSpecificPeers,Verifies the health of specific BGP peer(s).,BGP EVPN Peer: Pathfinder4 (IP: 10.99.102.4),PASS,
373,Transit1,BGP,VerifyBGPSpecificPeers,Verifies the health of specific BGP peer(s).,BGP IPv4 SR-TE Peer: Pathfinder1 (IP: 10.99.102.1),PASS,
374,Transit1,BGP,VerifyBGPSpecificPeers,Verifies the health of specific BGP peer(s).,BGP IPv4 SR-TE Peer: Pathfinder2 (IP: 10.99.102.2),PASS,
375,Transit1,BGP,VerifyBGPSpecificPeers,Verifies the health of specific BGP peer(s).,BGP IPv4 SR-TE Peer: Pathfinder3 (IP: 10.99.102.3),PASS,
376,Transit1,BGP,VerifyBGPSpecificPeers,Verifies the health of specific BGP peer(s).,BGP IPv4 SR-TE Peer: Pathfinder4 (IP: 10.99.102.4),PASS,
377,Transit1,BGP,VerifyBGPSpecificPeers,Verifies the health of specific BGP peer(s).,BGP Link-State Peer: Pathfinder1 (IP: 10.99.102.1),PASS,
378,Transit1,BGP,VerifyBGPSpecificPeers,Verifies the health of specific BGP peer(s).,BGP Link-State Peer: Pathfinder2 (IP: 10.99.102.2),PASS,
379,Transit1,BGP,VerifyBGPSpecificPeers,Verifies the health of specific BGP peer(s).,BGP Link-State Peer: Pathfinder3 (IP: 10.99.102.3),PASS,
380,Transit1,BGP,VerifyBGPSpecificPeers,Verifies the health of specific BGP peer(s).,BGP Link-State Peer: Pathfinder4 (IP: 10.99.102.4),PASS,
381,Transit1,BGP,VerifyBGPSpecificPeers,Verifies the health of specific BGP peer(s).,BGP Path-Selection Peer: Pathfinder1 (IP: 10.99.102.1),PASS,
382,Transit1,BGP,VerifyBGPSpecificPeers,Verifies the health of specific BGP peer(s).,BGP Path-Selection Peer: Pathfinder2 (IP: 10.99.102.2),PASS,
383,Transit1,BGP,VerifyBGPSpecificPeers,Verifies the health of specific BGP peer(s).,BGP Path-Selection Peer: Pathfinder3 (IP: 10.99.102.3),PASS,
384,Transit1,BGP,VerifyBGPSpecificPeers,Verifies the health of specific BGP peer(s).,BGP Path-Selection Peer: Pathfinder4 (IP: 10.99.102.4),PASS,
385,Transit1,Hardware,VerifyEnvironmentCooling,Verifies the status of power supply fans and all fan trays.,Accepted States: 'ok',PASS,
386,Transit1,Hardware,VerifyEnvironmentPower,Verifies the power supplies status.,Accepted States: 'ok',FAIL,"ValueError: ""AntaCommand"" object has no field ""failed"""
387,Transit1,Hardware,VerifyTemperature,Verifies the device temperature.,,FAIL,Device temperature exceeds acceptable limits. Current system status: 'unknownTemperatureAlarmLevel'
388,Transit1,Hardware,VerifyTransceiversManufacturers,Verifies if all transceivers come from approved manufacturers.,"Accepted Manufacturers: 'Arista Networks', 'Arastra, Inc.', 'Not Present'",PASS,
389,Transit1,Interfaces,VerifyInterfacesStatus,Verifies the status of the provided interfaces.,Interface Dps1 - DPS Interface = 'up',PASS,
390,Transit1,Interfaces,VerifyInterfacesStatus,Verifies the status of the provided interfaces.,Interface Ethernet2 - mpls_r1 = 'up',PASS,
391,Transit1,Interfaces,VerifyInterfacesStatus,Verifies the status of the provided interfaces.,Interface Ethernet3 - internet = 'up',PASS,
392,Transit1,Interfaces,VerifyInterfacesStatus,Verifies the status of the provided interfaces.,Interface Loopback0 - Router_ID = 'up',PASS,
393,Transit1,Interfaces,VerifyInterfacesStatus,Verifies the status of the provided interfaces.,Interface Vxlan1 = 'up',PASS,
394,Transit1,Routing,VerifyRoutingProtocolModel,Verifies the configured routing protocol model.,Routing protocol model: multi-agent,PASS,
395,Transit1,Security,VerifySpecificIPSecConn,Verifies IPv4 security connections for a peer.,IPv4 Peer: 10.99.102.1 VRF: default,PASS,
396,Transit1,Security,VerifySpecificIPSecConn,Verifies IPv4 security connections for a peer.,IPv4 Peer: 10.99.102.2 VRF: default,PASS,
397,Transit1,Security,VerifySpecificIPSecConn,Verifies IPv4 security connections for a peer.,IPv4 Peer: 10.99.102.3 VRF: default,PASS,
398,Transit1,Security,VerifySpecificIPSecConn,Verifies IPv4 security connections for a peer.,IPv4 Peer: 10.99.102.4 VRF: default,PASS,
399,Transit1,STUN,VerifyStunClient,Verifies the STUN client is configured with the specified IPv4 source address and port. Validate the public IP and port if provided.,Source IPv4 Address: 11.11.51.2 Source Port: 4500,PASS,
400,Transit1,STUN,VerifyStunClient,Verifies the STUN client is configured with the specified IPv4 source address and port. Validate the public IP and port if provided.,Source IPv4 Address: 172.16.51.2 Source Port: 4500,PASS,
401,Transit1,System,VerifyNTP,Verifies if NTP is synchronised.,,PASS,
402,Transit2,BGP,VerifyBGPSpecificPeers,Verifies the health of specific BGP peer(s).,BGP EVPN Peer: Pathfinder1 (IP: 10.99.102.1),PASS,
403,Transit2,BGP,VerifyBGPSpecificPeers,Verifies the health of specific BGP peer(s).,BGP EVPN Peer: Pathfinder2 (IP: 10.99.102.2),PASS,
404,Transit2,BGP,VerifyBGPSpecificPeers,Verifies the health of specific BGP peer(s).,BGP EVPN Peer: Pathfinder3 (IP: 10.99.102.3),PASS,
405,Transit2,BGP,VerifyBGPSpecificPeers,Verifies the health of specific BGP peer(s).,BGP EVPN Peer: Pathfinder4 (IP: 10.99.102.4),PASS,
406,Transit2,BGP,VerifyBGPSpecificPeers,Verifies the health of specific BGP peer(s).,BGP IPv4 SR-TE Peer: Pathfinder1 (IP: 10.99.102.1),PASS,
407,Transit2,BGP,VerifyBGPSpecificPeers,Verifies the health of specific BGP peer(s).,BGP IPv4 SR-TE Peer: Pathfinder2 (IP: 10.99.102.2),PASS,
408,Transit2,BGP,VerifyBGPSpecificPeers,Verifies the health of specific BGP peer(s).,BGP IPv4 SR-TE Peer: Pathfinder3 (IP: 10.99.102.3),PASS,
409,Transit2,BGP,VerifyBGPSpecificPeers,Verifies the health of specific BGP peer(s).,BGP IPv4 SR-TE Peer: Pathfinder4 (IP: 10.99.102.4),PASS,
410,Transit2,BGP,VerifyBGPSpecificPeers,Verifies the health of specific BGP peer(s).,BGP Link-State Peer: Pathfinder1 (IP: 10.99.102.1),PASS,
411,Transit2,BGP,VerifyBGPSpecificPeers,Verifies the health of specific BGP peer(s).,BGP Link-State Peer: Pathfinder2 (IP: 10.99.102.2),PASS,
412,Transit2,BGP,VerifyBGPSpecificPeers,Verifies the health of specific BGP peer(s).,BGP Link-State Peer: Pathfinder3 (IP: 10.99.102.3),PASS,
413,Transit2,BGP,VerifyBGPSpecificPeers,Verifies the health of specific BGP peer(s).,BGP Link-State Peer: Pathfinder4 (IP: 10.99.102.4),PASS,
414,Transit2,BGP,VerifyBGPSpecificPeers,Verifies the health of specific BGP peer(s).,BGP Path-Selection Peer: Pathfinder1 (IP: 10.99.102.1),PASS,
415,Transit2,BGP,VerifyBGPSpecificPeers,Verifies the health of specific BGP peer(s).,BGP Path-Selection Peer: Pathfinder2 (IP: 10.99.102.2),PASS,
416,Transit2,BGP,VerifyBGPSpecificPeers,Verifies the health of specific BGP peer(s).,BGP Path-Selection Peer: Pathfinder3 (IP: 10.99.102.3),PASS,
417,Transit2,BGP,VerifyBGPSpecificPeers,Verifies the health of specific BGP peer(s).,BGP Path-Selection Peer: Pathfinder4 (IP: 10.99.102.4),PASS,
418,Transit2,Hardware,VerifyEnvironmentCooling,Verifies the status of power supply fans and all fan trays.,Accepted States: 'ok',PASS,
419,Transit2,Hardware,VerifyEnvironmentPower,Verifies the power supplies status.,Accepted States: 'ok',FAIL,"ValueError: ""AntaCommand"" object has no field ""failed"""
420,Transit2,Hardware,VerifyTemperature,Verifies the device temperature.,,FAIL,Device temperature exceeds acceptable limits. Current system status: 'unknownTemperatureAlarmLevel'
421,Transit2,Hardware,VerifyTransceiversManufacturers,Verifies if all transceivers come from approved manufacturers.,"Accepted Manufacturers: 'Arista Networks', 'Arastra, Inc.', 'Not Present'",PASS,
422,Transit2,Interfaces,VerifyInterfacesStatus,Verifies the status of the provided interfaces.,Interface Dps1 - DPS Interface = 'up',PASS,
423,Transit2,Interfaces,VerifyInterfacesStatus,Verifies the status of the provided interfaces.,Interface Ethernet2 - internet = 'up',PASS,
424,Transit2,Interfaces,VerifyInterfacesStatus,Verifies the status of the provided interfaces.,Interface Ethernet3 - mpls_r1 = 'up',PASS,
425,Transit2,Interfaces,VerifyInterfacesStatus,Verifies the status of the provided interfaces.,Interface Loopback0 - Router_ID = 'up',PASS,
426,Transit2,Interfaces,VerifyInterfacesStatus,Verifies the status of the provided interfaces.,Interface Vxlan1 = 'up',PASS,
427,Transit2,Routing,VerifyRoutingProtocolModel,Verifies the configured routing protocol model.,Routing protocol model: multi-agent,PASS,
428,Transit2,Security,VerifySpecificIPSecConn,Verifies IPv4 security connections for a peer.,IPv4 Peer: 10.99.102.1 VRF: default,PASS,
429,Transit2,Security,VerifySpecificIPSecConn,Verifies IPv4 security connections for a peer.,IPv4 Peer: 10.99.102.2 VRF: default,PASS,
430,Transit2,Security,VerifySpecificIPSecConn,Verifies IPv4 security connections for a peer.,IPv4 Peer: 10.99.102.3 VRF: default,PASS,
431,Transit2,Security,VerifySpecificIPSecConn,Verifies IPv4 security connections for a peer.,IPv4 Peer: 10.99.102.4 VRF: default,PASS,
432,Transit2,STUN,VerifyStunClient,Verifies the STUN client is configured with the specified IPv4 source address and port. Validate the public IP and port if provided.,Source IPv4 Address: 11.11.52.2 Source Port: 4500,PASS,
433,Transit2,STUN,VerifyStunClient,Verifies the STUN client is configured with the specified IPv4 source address and port. Validate the public IP and port if provided.,Source IPv4 Address: 172.16.52.2 Source Port: 4500,PASS,
434,Transit2,System,VerifyNTP,Verifies if NTP is synchronised.,,PASS,
435,Transit3,BGP,VerifyBGPSpecificPeers,Verifies the health of specific BGP peer(s).,BGP EVPN Peer: Pathfinder1 (IP: 10.99.102.1),PASS,
436,Transit3,BGP,VerifyBGPSpecificPeers,Verifies the health of specific BGP peer(s).,BGP EVPN Peer: Pathfinder2 (IP: 10.99.102.2),PASS,
437,Transit3,BGP,VerifyBGPSpecificPeers,Verifies the health of specific BGP peer(s).,BGP EVPN Peer: Pathfinder3 (IP: 10.99.102.3),PASS,
438,Transit3,BGP,VerifyBGPSpecificPeers,Verifies the health of specific BGP peer(s).,BGP EVPN Peer: Pathfinder4 (IP: 10.99.102.4),PASS,
439,Transit3,BGP,VerifyBGPSpecificPeers,Verifies the health of specific BGP peer(s).,BGP IPv4 SR-TE Peer: Pathfinder1 (IP: 10.99.102.1),PASS,
440,Transit3,BGP,VerifyBGPSpecificPeers,Verifies the health of specific BGP peer(s).,BGP IPv4 SR-TE Peer: Pathfinder2 (IP: 10.99.102.2),PASS,
441,Transit3,BGP,VerifyBGPSpecificPeers,Verifies the health of specific BGP peer(s).,BGP IPv4 SR-TE Peer: Pathfinder3 (IP: 10.99.102.3),PASS,
442,Transit3,BGP,VerifyBGPSpecificPeers,Verifies the health of specific BGP peer(s).,BGP IPv4 SR-TE Peer: Pathfinder4 (IP: 10.99.102.4),PASS,
443,Transit3,BGP,VerifyBGPSpecificPeers,Verifies the health of specific BGP peer(s).,BGP Link-State Peer: Pathfinder1 (IP: 10.99.102.1),PASS,
444,Transit3,BGP,VerifyBGPSpecificPeers,Verifies the health of specific BGP peer(s).,BGP Link-State Peer: Pathfinder2 (IP: 10.99.102.2),PASS,
445,Transit3,BGP,VerifyBGPSpecificPeers,Verifies the health of specific BGP peer(s).,BGP Link-State Peer: Pathfinder3 (IP: 10.99.102.3),PASS,
446,Transit3,BGP,VerifyBGPSpecificPeers,Verifies the health of specific BGP peer(s).,BGP Link-State Peer: Pathfinder4 (IP: 10.99.102.4),PASS,
447,Transit3,BGP,VerifyBGPSpecificPeers,Verifies the health of specific BGP peer(s).,BGP Path-Selection Peer: Pathfinder1 (IP: 10.99.102.1),PASS,
448,Transit3,BGP,VerifyBGPSpecificPeers,Verifies the health of specific BGP peer(s).,BGP Path-Selection Peer: Pathfinder2 (IP: 10.99.102.2),PASS,
449,Transit3,BGP,VerifyBGPSpecificPeers,Verifies the health of specific BGP peer(s).,BGP Path-Selection Peer: Pathfinder3 (IP: 10.99.102.3),PASS,
450,Transit3,BGP,VerifyBGPSpecificPeers,Verifies the health of specific BGP peer(s).,BGP Path-Selection Peer: Pathfinder4 (IP: 10.99.102.4),PASS,
451,Transit3,Hardware,VerifyEnvironmentCooling,Verifies the status of power supply fans and all fan trays.,Accepted States: 'ok',PASS,
452,Transit3,Hardware,VerifyEnvironmentPower,Verifies the power supplies status.,Accepted States: 'ok',FAIL,"ValueError: ""AntaCommand"" object has no field ""failed"""
453,Transit3,Hardware,VerifyTemperature,Verifies the device temperature.,,FAIL,Device temperature exceeds acceptable limits. Current system status: 'unknownTemperatureAlarmLevel'
454,Transit3,Hardware,VerifyTransceiversManufacturers,Verifies if all transceivers come from approved manufacturers.,"Accepted Manufacturers: 'Arista Networks', 'Arastra, Inc.', 'Not Present'",PASS,
455,Transit3,Interfaces,VerifyInterfacesStatus,Verifies the status of the provided interfaces.,Interface Dps1 - DPS Interface = 'up',PASS,
456,Transit3,Interfaces,VerifyInterfacesStatus,Verifies the status of the provided interfaces.,Interface Ethernet2 - mpls_r2 = 'up',PASS,
457,Transit3,Interfaces,VerifyInterfacesStatus,Verifies the status of the provided interfaces.,Interface Ethernet3 - internet = 'up',PASS,
458,Transit3,Interfaces,VerifyInterfacesStatus,Verifies the status of the provided interfaces.,Interface Loopback0 - Router_ID = 'up',PASS,
459,Transit3,Interfaces,VerifyInterfacesStatus,Verifies the status of the provided interfaces.,Interface Vxlan1 = 'up',PASS,
460,Transit3,Routing,VerifyRoutingProtocolModel,Verifies the configured routing protocol model.,Routing protocol model: multi-agent,PASS,
461,Transit3,Security,VerifySpecificIPSecConn,Verifies IPv4 security connections for a peer.,IPv4 Peer: 10.99.102.1 VRF: default,PASS,
462,Transit3,Security,VerifySpecificIPSecConn,Verifies IPv4 security connections for a peer.,IPv4 Peer: 10.99.102.2 VRF: default,PASS,
463,Transit3,Security,VerifySpecificIPSecConn,Verifies IPv4 security connections for a peer.,IPv4 Peer: 10.99.102.3 VRF: default,PASS,
464,Transit3,Security,VerifySpecificIPSecConn,Verifies IPv4 security connections for a peer.,IPv4 Peer: 10.99.102.4 VRF: default,PASS,
465,Transit3,STUN,VerifyStunClient,Verifies the STUN client is configured with the specified IPv4 source address and port. Validate the public IP and port if provided.,Source IPv4 Address: 172.16.53.2 Source Port: 4500,PASS,
466,Transit3,STUN,VerifyStunClient,Verifies the STUN client is configured with the specified IPv4 source address and port. Validate the public IP and port if provided.,Source IPv4 Address: 22.22.53.2 Source Port: 4500,PASS,
467,Transit3,System,VerifyNTP,Verifies if NTP is synchronised.,,PASS,
468,Transit4,BGP,VerifyBGPSpecificPeers,Verifies the health of specific BGP peer(s).,BGP EVPN Peer: Pathfinder1 (IP: 10.99.102.1),PASS,
469,Transit4,BGP,VerifyBGPSpecificPeers,Verifies the health of specific BGP peer(s).,BGP EVPN Peer: Pathfinder2 (IP: 10.99.102.2),PASS,
470,Transit4,BGP,VerifyBGPSpecificPeers,Verifies the health of specific BGP peer(s).,BGP EVPN Peer: Pathfinder3 (IP: 10.99.102.3),PASS,
471,Transit4,BGP,VerifyBGPSpecificPeers,Verifies the health of specific BGP peer(s).,BGP EVPN Peer: Pathfinder4 (IP: 10.99.102.4),PASS,
472,Transit4,BGP,VerifyBGPSpecificPeers,Verifies the health of specific BGP peer(s).,BGP IPv4 SR-TE Peer: Pathfinder1 (IP: 10.99.102.1),PASS,
473,Transit4,BGP,VerifyBGPSpecificPeers,Verifies the health of specific BGP peer(s).,BGP IPv4 SR-TE Peer: Pathfinder2 (IP: 10.99.102.2),PASS,
474,Transit4,BGP,VerifyBGPSpecificPeers,Verifies the health of specific BGP peer(s).,BGP IPv4 SR-TE Peer: Pathfinder3 (IP: 10.99.102.3),PASS,
475,Transit4,BGP,VerifyBGPSpecificPeers,Verifies the health of specific BGP peer(s).,BGP IPv4 SR-TE Peer: Pathfinder4 (IP: 10.99.102.4),PASS,
476,Transit4,BGP,VerifyBGPSpecificPeers,Verifies the health of specific BGP peer(s).,BGP Link-State Peer: Pathfinder1 (IP: 10.99.102.1),PASS,
477,Transit4,BGP,VerifyBGPSpecificPeers,Verifies the health of specific BGP peer(s).,BGP Link-State Peer: Pathfinder2 (IP: 10.99.102.2),PASS,
478,Transit4,BGP,VerifyBGPSpecificPeers,Verifies the health of specific BGP peer(s).,BGP Link-State Peer: Pathfinder3 (IP: 10.99.102.3),PASS,
479,Transit4,BGP,VerifyBGPSpecificPeers,Verifies the health of specific BGP peer(s).,BGP Link-State Peer: Pathfinder4 (IP: 10.99.102.4),PASS,
480,Transit4,BGP,VerifyBGPSpecificPeers,Verifies the health of specific BGP peer(s).,BGP Path-Selection Peer: Pathfinder1 (IP: 10.99.102.1),PASS,
481,Transit4,BGP,VerifyBGPSpecificPeers,Verifies the health of specific BGP peer(s).,BGP Path-Selection Peer: Pathfinder2 (IP: 10.99.102.2),PASS,
482,Transit4,BGP,VerifyBGPSpecificPeers,Verifies the health of specific BGP peer(s).,BGP Path-Selection Peer: Pathfinder3 (IP: 10.99.102.3),PASS,
483,Transit4,BGP,VerifyBGPSpecificPeers,Verifies the health of specific BGP peer(s).,BGP Path-Selection Peer: Pathfinder4 (IP: 10.99.102.4),PASS,
484,Transit4,Hardware,VerifyEnvironmentCooling,Verifies the status of power supply fans and all fan trays.,Accepted States: 'ok',PASS,
485,Transit4,Hardware,VerifyEnvironmentPower,Verifies the power supplies status.,Accepted States: 'ok',FAIL,"ValueError: ""AntaCommand"" object has no field ""failed"""
486,Transit4,Hardware,VerifyTemperature,Verifies the device temperature.,,FAIL,Device temperature exceeds acceptable limits. Current system status: 'unknownTemperatureAlarmLevel'
487,Transit4,Hardware,VerifyTransceiversManufacturers,Verifies if all transceivers come from approved manufacturers.,"Accepted Manufacturers: 'Arista Networks', 'Arastra, Inc.', 'Not Present'",PASS,
488,Transit4,Interfaces,VerifyInterfacesStatus,Verifies the status of the provided interfaces.,Interface Dps1 - DPS Interface = 'up',PASS,
489,Transit4,Interfaces,VerifyInterfacesStatus,Verifies the status of the provided interfaces.,Interface Ethernet2 - internet = 'up',PASS,
490,Transit4,Interfaces,VerifyInterfacesStatus,Verifies the status of the provided interfaces.,Interface Ethernet3 - mpls_r2 = 'up',PASS,
491,Transit4,Interfaces,VerifyInterfacesStatus,Verifies the status of the provided interfaces.,Interface Loopback0 - Router_ID = 'up',PASS,
492,Transit4,Interfaces,VerifyInterfacesStatus,Verifies the status of the provided interfaces.,Interface Vxlan1 = 'up',PASS,
493,Transit4,Routing,VerifyRoutingProtocolModel,Verifies the configured routing protocol model.,Routing protocol model: multi-agent,PASS,
494,Transit4,Security,VerifySpecificIPSecConn,Verifies IPv4 security connections for a peer.,IPv4 Peer: 10.99.102.1 VRF: default,PASS,
495,Transit4,Security,VerifySpecificIPSecConn,Verifies IPv4 security connections for a peer.,IPv4 Peer: 10.99.102.2 VRF: default,PASS,
496,Transit4,Security,VerifySpecificIPSecConn,Verifies IPv4 security connections for a peer.,IPv4 Peer: 10.99.102.3 VRF: default,PASS,
497,Transit4,Security,VerifySpecificIPSecConn,Verifies IPv4 security connections for a peer.,IPv4 Peer: 10.99.102.4 VRF: default,PASS,
498,Transit4,STUN,VerifyStunClient,Verifies the STUN client is configured with the specified IPv4 source address and port. Validate the public IP and port if provided.,Source IPv4 Address: 172.16.54.2 Source Port: 4500,PASS,
499,Transit4,STUN,VerifyStunClient,Verifies the STUN client is configured with the specified IPv4 source address and port. Validate the public IP and port if provided.,Source IPv4 Address: 22.22.54.2 Source Port: 4500,PASS,
500,Transit4,System,VerifyNTP,Verifies if NTP is synchronised.,,PASS,
